product_id,title,author,price,genre_first
70266,그리고 아무도 없었다,애거사 크리스티,10800,공포/스릴러
338451,눈물을 마시는 새 세트,이영도,47700,판타지
1402859,애거서 크리스티 에디터스 초이스 세트,애거사 크리스티,72000,추리/미스터리
1935338,13계단,다카노 가즈아키,10800,추리/미스터리
1942709,나니아 연대기,C. S. 루이스,34200,판타지
2130130,뱀파이어 걸작선,브램 스토커,10800,공포/스릴러
2983292,파피용,베르나르 베르베르,14220,SF
3021269,"아이, 로봇",아이작 아시모프,11700,SF
3311214,지킬박사와 하이드씨,로버트 루이스 스티븐슨,11250,공포/스릴러
3348926,위저드 베이커리,구병모,11520,공포/스릴러
3563528,고백,미나토 가나에,11520,공포/스릴러
4689362,장미의 이름 세트,움베르토 에코,28440,추리/미스터리
5802530,흑산 黑山,김훈,12420,역사
5822647,위쳐,안제이 사프콥스키,12420,판타지
6185205,칼의 노래,김훈,12600,역사
7218436,제노사이드,다카노 가즈아키,13500,SF
11087831,안드로이드는 전기양의 꿈을 꾸는가?,필립 K. 딕,12600,SF
11121896,파운데이션 완전판 세트,아이작 아시모프,79920,SF
11573815,타나토노트 세트,베르나르 베르베르,28440,SF
11817321,위쳐 : 운명의 검 (상),안제이 사프콥스키,9000,판타지
11865724,나일 강의 죽음,애거사 크리스티,9000,추리/미스터리
11865744,0시를 향하여,애거사 크리스티,9000,추리/미스터리
11865751,그리고 아무도 없었다,애거사 크리스티,9000,추리/미스터리
11865812,오리엔트 특급 살인,애거사 크리스티,9000,추리/미스터리
13363088,셜록 홈즈 전집 세트,아서 코난 도일,38700,추리/미스터리
14381109,힐 하우스의 유령,셜리 잭슨,11520,공포/스릴러
14610822,해바라기가 피지 않는 여름,미치오 슈스케,10800,공포/스릴러
14840131,가면산장 살인사건,히가시노 게이고,13320,추리/미스터리
15152663,한복 입은 남자,이상훈,13500,추리/미스터리
16902281,경관의 피,사사키 조,14400,추리/미스터리
18183512,13.67,찬호께이,15300,추리/미스터리
23593370,앨리스 죽이기,고바야시 야스미,12150,공포/스릴러
23630397,라플라스의 마녀,히가시노 게이고,13320,추리/미스터리
24462351,"나는 내일, 어제의 너와 만난다",나나츠키 타카후미,8910,로맨스
28473670,살육에 이르는 병,아비코 다케마루,10800,공포/스릴러
29190285,죽여 마땅한 사람들,피터 스완슨,13320,공포/스릴러
32536827,해시의 신루 세트,윤이수,71100,역사
32685521,당신 인생의 이야기,테드 창,13050,SF
35552641,돌이킬 수 없는 약속,야쿠마루 가쿠,13500,추리/미스터리
37100326,저주토끼,정보라,13320,SF
37221263,라마와의 랑데부,아서 C. 클라크,13320,SF
37922672,너의 췌장을 먹고 싶어 (일반판),스미노 요루,12420,로맨스
38001978,옷소매 붉은 끝동 1,강미강,10800,로맨스
38002046,옷소매 붉은 끝동 2,강미강,9900,로맨스
43751373,신비한 동물사전 원작 시나리오,J.K. 롤링,13500,판타지
45353675,용의자 X의 헌신,히가시노 게이고,15120,추리/미스터리
53802600,봉제인형 살인사건,다니엘 콜,13500,공포/스릴러
56450597,마인드헌터,존 더글러스,13500,공포/스릴러
59520991,너는 달밤에 빛나고,사노 테츠야,10800,로맨스
60896840,고양이 1,베르나르 베르베르,11520,SF
60896871,고양이 2,베르나르 베르베르,11520,SF
62236895,조선 정신과 의사 유세풍,이은소,12420,역사
64276790,귀신나방,장용민,13050,공포/스릴러
64587434,미스터 션샤인 2,김수연,13320,역사
67019559,선과 악의 학교 1부 1,소만 차이나니,10800,판타지
67094041,돌이킬 수 있는,문목하,13320,추리/미스터리
67230426,종이 동물원,켄 리우,14220,SF
68832866,마력의 태동,히가시노 게이고,12600,추리/미스터리
68851756,희란국 연가,김수지,12600,로맨스
69726076,인어가 잠든 집,히가시노 게이고,16020,추리/미스터리
69748369,낙원의 오후,조강은,11700,로맨스
71033985,그것은 벚꽃 같은 사랑이었다,히로세 미이,11520,로맨스
71382262,벚꽃 지는 계절에 그대를 그리워하네,우타노 쇼고,13500,추리/미스터리
71925091,편지,히가시노 게이고,13320,추리/미스터리
71990479,불과 피 1,조지 R. R. 마틴,15120,판타지
71990485,불과 피 2,조지 R. R. 마틴,15120,판타지
72349693,숨,테드 창,14850,SF
73162483,죽음 1,베르나르 베르베르,12600,SF
73162490,죽음 2,베르나르 베르베르,12600,SF
73440996,너와 만날 수 있었던 4%의 기적,히로세 미이,11520,로맨스
74261416,우리가 빛의 속도로 갈 수 없다면,김초엽,12600,SF
74820501,뉴서울파크 젤리장수 대학살,조예은,13500,추리/미스터리
75186979,낙원의 이론 1,정선우,11700,로맨스
75186999,낙원의 이론 2,정선우,11700,로맨스
75187025,낙원의 이론 3,정선우,11700,로맨스
75187034,낙원의 이론 4,정선우,11700,로맨스
76108857,악의,히가시노 게이고,12600,추리/미스터리
76903142,신비한 동물들과 그린델왈드의 범죄 원작 시나리오,J.K. 롤링,13500,판타지
78213344,나 혼자만 레벨 업 1,추공,10800,판타지
78213352,나 혼자만 레벨 업 2,추공,10800,판타지
78213360,나 혼자만 레벨 업 3,추공,10800,판타지
78213367,나 혼자만 레벨 업 4,추공,10800,판타지
78213380,나 혼자만 레벨 업 5,추공,10800,판타지
78213393,나 혼자만 레벨 업 6,추공,10800,판타지
78213404,나 혼자만 레벨 업 7,추공,10800,판타지
78213413,나 혼자만 레벨 업 8,추공,10800,판타지
78217545,"거짓말이 보이는 나는, 솔직한 너에게 사랑을 했다",사쿠라이 미나,11520,로맨스
78860364,루팡의 딸,요코제키 다이,13500,추리/미스터리
80475203,나는 너에게 10년 치의 『    』을 전하고 싶어,아마노 아타루,11520,로맨스
82935976,해리포터와 마법사의 돌 1,J.K. 롤링,8100,판타지
82936607,해리포터와 마법사의 돌 2,J.K. 롤링,8100,판타지
82938415,해리포터와 비밀의 방 1,J.K. 롤링,8100,판타지
82938872,해리포터와 비밀의 방 2,J.K. 롤링,8100,판타지
82939744,해리포터와 아즈카반의 죄수 1,J.K. 롤링,8550,판타지
82940433,해리포터와 아즈카반의 죄수 2,J.K. 롤링,8550,판타지
82940787,해리포터와 불의 잔 1,J.K. 롤링,8550,판타지
82941509,해리포터와 불의 잔 2,J.K. 롤링,8550,판타지
82941827,해리포터와 불의 잔 3,J.K. 롤링,8550,판타지
82942111,해리포터와 불의 잔 4,J.K. 롤링,8550,판타지
82942552,해리포터 1~4부 세트,J.K. 롤링,83700,판타지
82944132,해리포터와 비밀의 방,J.K. 롤링,18000,판타지
82944460,해리포터와 아즈카반의 죄수,J.K. 롤링,18900,판타지
82944813,해리포터와 불의 잔 1,J.K. 롤링,18900,판타지
82945001,해리포터와 불의 잔 2,J.K. 롤링,18900,판타지
82945426,해리포터와 마법사의 돌 (일러스트 에디션),J.K. 롤링,27900,판타지
84906939,해리포터와 불사조 기사단 1,J.K. 롤링,8550,판타지
84906959,해리포터와 불사조 기사단 2,J.K. 롤링,8550,판타지
84906968,해리포터와 불사조 기사단 3,J.K. 롤링,8550,판타지
84906970,해리포터와 불사조 기사단 4,J.K. 롤링,8550,판타지
84906972,해리포터와 불사조 기사단 5,J.K. 롤링,8550,판타지
85030489,목소리를 드릴게요,정세랑,13320,SF
86004485,해리포터와 혼혈 왕자 1,J.K. 롤링,8550,판타지
86004500,해리포터와 혼혈 왕자 2,J.K. 롤링,8550,판타지
86004505,해리포터와 혼혈 왕자 3,J.K. 롤링,8550,판타지
86004511,해리포터와 혼혈 왕자 4,J.K. 롤링,8550,판타지
86138131,가끔 너를 생각해,후지 마루,15300,판타지
86623101,당신 인생의 이야기 (리커버),테드 창,14400,SF
87005254,"땡스 갓, 잇츠 프라이데이",심너울,9000,SF
87609454,유성의 인연 1,히가시노 게이고,12600,추리/미스터리
87609461,유성의 인연 2,히가시노 게이고,12600,추리/미스터리
88389692,해리포터 5~7부 세트,J.K. 롤링,111150,판타지
88389714,해리포터와 죽음의 성물 1,J.K. 롤링,18900,판타지
88389716,해리포터와 죽음의 성물 2,J.K. 롤링,18900,판타지
88389723,해리포터와 죽음의 성물 1,J.K. 롤링,8550,판타지
88389728,해리포터와 죽음의 성물 2,J.K. 롤링,8550,판타지
88389731,해리포터와 죽음의 성물 3,J.K. 롤링,8550,판타지
88389736,해리포터와 죽음의 성물 4,J.K. 롤링,8550,판타지
89240946,이문열 삼국지 세트 (특별 한정 보급판),나관중,108000,역사
89392792,요리코를 위해,노리즈키 린타로,13500,추리/미스터리
89553558,얼음나무 숲,하지은,14220,판타지
89913383,"칵테일, 러브, 좀비",조예은,9000,추리/미스터리
90248119,기억 1,베르나르 베르베르,13320,SF
90248133,기억 2,베르나르 베르베르,13320,SF
90926731,삼체 1~3 세트,류츠신,53100,SF
91065309,달러구트 꿈 백화점 (레인보우 에디션),이미예,12420,판타지
91071069,"어딘가 상상도 못 할 곳에, 수많은 순록 떼가",켄 리우,13320,SF
91112224,"안녕, 인공존재!",배명훈,11700,SF
91159773,어떤 물질의 사랑,천선란,13320,SF
91219051,오버로드 14,마루야마 쿠가네,10800,판타지
91766653,천 개의 파랑,천선란,12600,SF
91860730,심판,베르나르 베르베르,11520,SF
91869321,팅커벨 죽이기,고바야시 야스미,12420,추리/미스터리
92857363,숲과 별이 만날 때,글렌디 밴더라,14400,판타지
93074158,팬데믹,김초엽,11700,SF
93153527,킹 세종 더 그레이트,조 메노스키,12600,판타지
93961564,해리 포터와 마법사의 돌 : 미나리마 에디션,J.K. 롤링,29700,판타지
93992470,추리소설가의 살인사건,히가시노 게이고,14220,추리/미스터리
95712763,[예스리커버] 블랙 쇼맨과 이름 없는 마을의 살인,히가시노 게이고,16200,추리/미스터리
96069908,미드나잇 선 1,스테프니 메이어,14220,판타지
96233073,어리석은 자의 독,우사미 마코토,13950,추리/미스터리
97247811,듄 신장판 1,프랭크 허버트,22500,SF
97247817,듄 신장판 2,프랭크 허버트,13500,SF
97247828,듄 신장판 3,프랭크 허버트,22500,SF
97247852,듄 신장판 전집 세트,프랭크 허버트,108000,SF
97252762,꼭두각시 살인사건,다니엘 콜,13950,공포/스릴러
97404731,반지의 제왕 1~3 + 호빗 세트,J. R. R. 톨킨,148500,판타지
98485438,재혼황후 5,알파타르트,12600,로맨스
98498494,인간의 법정,조광희,12600,SF
99423846,기묘한 러브레터,야도노 카호루,11250,공포/스릴러
100285841,룬의 아이들 - 블러디드 4,전민희,13050,판타지
101375755,프로젝트 헤일메리,앤디 위어,16650,SF
101375809,마션,앤디 위어,14850,SF
101505224,삼개주막 기담회,오윤희,13500,추리/미스터리
101684223,곰탕 1,김영탁,13500,추리/미스터리
101758671,문명 1,베르나르 베르베르,13320,SF
101758676,문명 2,베르나르 베르베르,13320,SF
101889421,전남친의 유언장,신카와 호타테,13500,추리/미스터리
101963278,고구려 7,김진명,14220,역사
101965629,재와 물거품,김청귤,9000,로맨스
102087024,스노 크래시 1,닐 스티븐슨,13500,SF
102087033,스노 크래시 2,닐 스티븐슨,13500,SF
102403585,양들의 침묵,토머스 해리스,13500,공포/스릴러
102603626,명상 살인,카르스텐 두세,14220,공포/스릴러
102684333,비밀,히가시노 게이고,15120,추리/미스터리
102688454,너의 이야기를 먹어 줄게,명소정,12600,판타지
102716751,루팡의 딸 2,요코제키 다이,13500,추리/미스터리
102789938,달러구트 꿈 백화점 2 (레인보우 에디션),이미예,12420,판타지
102805515,당신들은 이렇게 시간 전쟁에서 패배한다,아말 엘모흐타르,12420,SF
102815830,방황하는 칼날,히가시노 게이고,15300,추리/미스터리
103026125,지구 끝의 온실,김초엽,13500,SF
103097409,대불호텔의 유령,강화길,12600,공포/스릴러
103152391,백조와 박쥐,히가시노 게이고,16200,추리/미스터리
103341277,당신의 이해를 돕기 위하여 1,이보라,11700,로맨스
103341281,당신의 이해를 돕기 위하여 2,이보라,11700,로맨스
103341283,당신의 이해를 돕기 위하여 3,이보라,11700,로맨스
103341286,당신의 이해를 돕기 위하여 4,이보라,11700,로맨스
103390694,버터,유즈키 아사코,16020,추리/미스터리
103665318,기괴한 레스토랑 1,김민정,12600,판타지
103861082,소문,오기와라 히로시,14850,추리/미스터리
104086734,테헤란로를 걷는 신라공주,이상훈,13950,추리/미스터리
104109279,킹덤,요 네스뵈,17820,추리/미스터리
104213950,목요일의 아이,시게마쓰 기요시,14400,추리/미스터리
104428023,아홉수 가위,범유진,9000,공포/스릴러
104643302,수상한 사람들,히가시노 게이고,14220,추리/미스터리
104644232,네 번의 노크,케이시,12420,공포/스릴러
104647324,해리 포터와 비밀의 방 : 미나리마 에디션,J.K. 롤링,29700,판타지
104662678,어둠의 속도,엘리자베스 문,15300,SF
104663596,언젠가 우리가 같은 별을 바라본다면,차인표,10800,역사
104691889,영혼 통행증,미야베 미유키,13320,추리/미스터리
104830510,"빨간 모자, 여행을 떠나 시체를 만났습니다",아오야기 아이토,14220,추리/미스터리
104846619,오피스 누나 이야기,팔메이로,13050,로맨스
105055361,2035 SF 미스터리,천선란,13500,SF
105107072,정령왕 엘퀴네스 개정판 19,이환,13500,판타지
105162966,시한부 엑스트라의 시간 세트,자은향,46800,로맨스
105181577,세이프,S. K. 바넷,14220,공포/스릴러
105302087,루팡의 딸 3,요코제키 다이,13500,추리/미스터리
105363239,달러구트 꿈 백화점 합본호,이미예,21600,판타지
105370573,"어느 날, 너의 심장이 멈출 거라 말했다",클로에 윤,12600,로맨스
105468123,미래로부터의 탈출,고바야시 야스미,13050,SF
105519429,인소의 법칙 17 한정판,유한려,15300,로맨스
105611307,위쳐 5 : 호수의 여인 (상),안제이 사프콥스키,14220,판타지
105646174,삼개주막 기담회 2,오윤희,13500,공포/스릴러
105668590,허상의 어릿광대,히가시노 게이고,16920,추리/미스터리
105745994,재혼황후 6,알파타르트,12600,로맨스
105748203,전지적 독자 시점 Part 1 : 제4의 벽 에디션 세트,싱숑,115200,판타지
105804023,므레모사,김초엽,12600,SF
105805943,목요일 살인 클럽,리처드 오스먼,14400,추리/미스터리
105811230,어션 테일즈 (계간) : No.1 alone [2021],김보영,22500,SF
105852471,명상 살인 2,카르스텐 두세,14220,공포/스릴러
105910692,조각상 살인사건,다니엘 콜,13950,공포/스릴러
105996693,너의 다정한 우주로부터,이경희,13500,SF
106177736,천잠비룡포 21,한백림,7600,무협
106189242,센 강의 이름 모를 여인,기욤 뮈소,14400,추리/미스터리
106335647,웰컴 투 로열타운,곽영임,13500,공포/스릴러
106338119,오늘밤은 잠들 수 없어,미야베 미유키,13500,추리/미스터리
106338125,꿈에도 생각하지 않아,미야베 미유키,13500,추리/미스터리
106368721,문어의 아홉 번째 다리,디르크 로스만,14400,SF
106375449,전지적 독자 시점 PART 1 - 01,싱숑,12150,판타지
106375475,전지적 독자 시점 PART 1 - 02,싱숑,12150,판타지
106375775,전지적 독자 시점 PART 1 - 03,싱숑,12150,판타지
106375790,전지적 독자 시점 PART 1 - 04,싱숑,12150,판타지
106375803,전지적 독자 시점 PART 1 - 05,싱숑,12150,판타지
106375810,전지적 독자 시점 PART 1 - 06,싱숑,12150,판타지
106375819,전지적 독자 시점 PART 1 - 07,싱숑,12150,판타지
106375834,전지적 독자 시점 PART 1 - 08,싱숑,12150,판타지
106385592,백은의 잭,히가시노 게이고,15120,추리/미스터리
106388001,환,김시안,13500,추리/미스터리
106389165,무드 오브 퓨처,윤이나,11700,SF
106398923,다섯 번째 감각,김보영,16200,SF
106399792,위쳐 5 : 호수의 여인 (하),안제이 사프콥스키,14220,판타지
106711797,우리가 다시 만날 세계,황모과,12600,SF
106712036,조인계획,히가시노 게이고,13950,추리/미스터리
107055756,위스퍼맨,알렉스 노스,14220,공포/스릴러
107056093,재혼은 처음이라 3,이지환,11520,로맨스
107072836,백광,렌죠 미키히코,13050,추리/미스터리
107075638,크툴루 님이 엄청 대충 가르쳐주시는 크툴루 신화 용어사전,우미노 나마코,14220,판타지
107490527,나쁜 토끼,와카타케 나나미,16200,추리/미스터리
107524646,언더독스,나가우라 교,16200,추리/미스터리
107525228,천잠비룡포 22,한백림,7600,무협
107528925,솔라리스,스타니스와프 렘,15300,SF
107698658,지속가능한 영혼의 이용,마쓰다 아오코,13500,SF
107849923,가운데땅의 지도들 세트,브라이언 시블리,49500,판타지
107849967,실마릴리온 + 끝나지 않은 이야기 박스 세트,J. R. R. 톨킨,99000,판타지
107874468,사과는 떨어지지 않는다,리안 모리아티,15120,추리/미스터리
107904760,사내 맞선 1,해화,11700,로맨스
107904763,사내 맞선 2,해화,11700,로맨스
107980200,그랜드 캉티뉴쓰 호텔,리보칭,14220,추리/미스터리
107991019,나쁜 생각이 들어서,요안나,12150,로맨스
107991116,화려한 유괴,니시무라 교타로,15120,추리/미스터리
107993495,악의 심장,크리스 카터,14220,공포/스릴러
108042216,유일한 순정,문수진,10800,로맨스
108179513,저주토끼,정보라,13320,SF
108205630,용서받지 못한 밤,미치오 슈스케,14220,공포/스릴러
108389326,엔드게임 살인사건,다니엘 콜,13950,공포/스릴러
108404175,스테이트 오브 테러,힐러리 로댐 클린턴,16020,공포/스릴러
108431588,구경하는 들러리양 외전 2,엘리아냥,9000,로맨스
108552220,시체를 보는 사나이 1부 - 더 비기닝 1,공한K,12420,추리/미스터리
108574889,재혼황후 7,알파타르트,12600,로맨스
108604941,죽음을 희망합니다 세트,유예랑,25200,로맨스
108605104,투명인간은 밀실에 숨는다,아쓰카와 다쓰미,13950,추리/미스터리
108622513,초월하는 세계의 사랑,우다영,11700,SF
108688589,숨 (리커버),테드 창,16650,SF
108690377,명상 살인 3,카르스텐 두세,14220,공포/스릴러
108708593,나의 연인에게,향기바람이,10800,로맨스
108710412,[예스리커버] 셜록 홈즈 전집 세트,아서 코난 도일,40500,추리/미스터리
108737003,여덟 건의 완벽한 살인,피터 스완슨,14220,추리/미스터리
108825091,공허한 십자가,히가시노 게이고,13500,추리/미스터리
108890221,"새벽 3시, 마법도구점 폴라리스",후지 마루,13500,판타지
108892115,내가 나를 버린 날,마츠무라 료야,13500,추리/미스터리
108934285,만추 여관 1,박영,10800,로맨스
108934329,만추 여관 2,박영,9000,로맨스
108950911,국립존엄보장센터,남유하,11250,SF
109047376,스캔다르와 유니콘 도둑,A. F 스테드먼,13050,판타지
109066998,기이현상청 사건일지,이산화,11700,SF
109086228,살인자의 쇼핑목록,강지영,12600,공포/스릴러
109086790,가고 싶지 않아,스미노 요루,13320,SF
109176748,메타버스 장르문학상 수상작품집 1,조혜린,11250,SF
109213384,비웃는 숙녀 두 사람,나카야마 시치리,14400,추리/미스터리
109301927,루팡의 딸 4,요코제키 다이,13500,추리/미스터리
109308932,세상의 마지막 기차역,무라세 다케시,12600,판타지
109323034,언제나 밤인 세계,하지은,15120,판타지
109337509,시한부 공주님을 사랑하게 된다면 1,전후치,11250,판타지
109337511,시한부 공주님을 사랑하게 된다면 2,전후치,11250,판타지
109347461,에스에프널 SFnal 2022 세트,켄 리우,31500,SF
109553053,행성 1,베르나르 베르베르,15120,SF
109553132,행성 2,베르나르 베르베르,15120,SF
109558554,"칵테일, 러브, 좀비 (리커버)",조예은,9000,공포/스릴러
109559956,우리는 SF를 좋아해,심완선,15300,SF
109589279,강한 견해,설재인,15120,SF
109648602,삼개주막 기담회 3,오윤희,13500,공포/스릴러
109664112,2022 제5회 한국과학문학상 수상작품집,서윤빈,5400,SF
109708167,샤일록의 아이들,이케이도 준,14220,추리/미스터리
109727358,우리가 끝이야,콜린 후버,14220,로맨스
109742925,시한부 공주님을 사랑하게 된다면 3,전후치,11250,로맨스
109743624,룬의 아이들 - 블러디드 5,전민희,13950,판타지
109745708,노바,새뮤얼 딜레이니,14850,SF
109748227,옷소매 붉은 끝동 세트,강미강,28800,로맨스
109761820,스패로,메리 도리아 러셀,16200,SF
109911281,합창-미사키 요스케의 귀환,나카야마 시치리,14400,추리/미스터리
110003959,류,히가시야마 아키라,13500,추리/미스터리
110004013,인류애가 제로가 되었다,오누이,12150,SF
110039314,전래 미스터리,홍정기,12600,추리/미스터리
110104524,디 아이돌,서귤,13320,추리/미스터리
110129864,베러티,콜린 후버,14400,공포/스릴러
110141934,여자들의 왕,정보라,15120,SF
110157161,모든 게 착각이었다 1,과앤,13500,로맨스
110208143,설원,다이몬 타케아키,13950,추리/미스터리
110212661,교도관의 눈,요코야마 히데오,14400,추리/미스터리
110241936,그가 나에게 말하지 않은 것,로라 데이브,14400,추리/미스터리
110254136,유리탑의 살인,치넨 미키토,15120,추리/미스터리
110279440,다크 플레이스의 비밀,리사 주얼,15030,추리/미스터리
110333072,한산,김동하,14400,역사
110335609,광개토태왕 담덕 1,엄광용,14400,역사
110335615,광개토태왕 담덕 2,엄광용,14400,역사
110344195,잠긴 방,"마이 셰발, 페르 발뢰",14220,추리/미스터리
110367180,정령왕 엘퀴네스 개정판 20,이환,13500,판타지
110410486,데볼루션,맥스 브룩스,15120,공포/스릴러
110522550,인내상자,미야베 미유키,13320,추리/미스터리
110522807,철수 삼촌,김남윤,12600,추리/미스터리
110529297,금목서 향기,과일마차,9000,로맨스
110556884,우리가 다른 귀신을 불러오나니,김이삭,13500,추리/미스터리
110642876,고독한 강,제프리 디버,17820,추리/미스터리
110663195,이상한 알베르게 1,신경애,14400,판타지
110663259,이상한 알베르게 2,신경애,14400,판타지
110685711,영원한 우정으로 1,넬레 노이하우스,14220,추리/미스터리
110685913,영원한 우정으로 2,넬레 노이하우스,14220,추리/미스터리
110712982,왓섭! 공포라디오,왓섭!,14400,추리/미스터리
110792189,신비한 동물들과 덤블도어의 비밀 원작 시나리오,J.K. 롤링,13500,판타지
110792223,오너러블 스쿨보이 1,존 르카레,16020,추리/미스터리
110792239,오너러블 스쿨보이 2,존 르카레,16020,추리/미스터리
110815693,럭키스트 걸 얼라이브,제시카 놀,14850,공포/스릴러
110877559,조선 정신과 의사 유세풍 (상),이은소,13500,역사
110877565,조선 정신과 의사 유세풍 (하),이은소,13500,역사
110882504,"그 겨울, 손탁 호텔에서",듀나,13500,추리/미스터리
111086496,미키7,에드워드 애슈턴,13500,SF
111099546,사라진 숲의 아이들,손보미,16200,추리/미스터리
111135836,7번째 여름이 남긴 기적,나타엘 트라프,13500,추리/미스터리
111161002,악마의 계약서는 만기 되지 않는다,리러하,13050,추리/미스터리
111388850,악역 황녀님은 과자집에서 살고 싶어 1~2 세트,프리드리히,25200,판타지
111388854,악역 황녀님은 과자집에서 살고 싶어 3~4 세트,프리드리히,25200,판타지
111680352,예언의 섬,사와무라 이치,16920,공포/스릴러
111703376,불릿 트레인 (영화 원작소설 무비 에디션),이사카 코타로,16200,추리/미스터리
111704883,트로피컬 나이트,조예은,13500,공포/스릴러
111738604,월드 오브 워크래프트 : 실바나스,크리스티 골든,15120,판타지
111751126,법대로 사랑하라 세트,노승아,25200,로맨스
112012912,내가 행복한 이유,그렉 이건,16650,SF
112014332,딜리터,김중혁,14310,판타지
112014718,키메라 1,홍수연,11700,로맨스
112014755,키메라 1~3 세트,홍수연,35100,로맨스
112017265,빌런,최구실,11700,추리/미스터리
112017735,기척,레이철 호킨스,14400,추리/미스터리
112032790,용사의 어머니가 되겠습니다 1~4 한정판 세트,엘리아냥,46800,로맨스
112075269,너를 찾아서,박산호,13500,공포/스릴러
112191910,기묘한 괴담하우스,사와무라 이치,13950,추리/미스터리
112198572,막 너머에 신이 있다면,김준녕,14400,SF
112200633,미궁,나카무라 후미노리,13320,추리/미스터리
112229385,흑뢰성,요네자와 호노부,15120,추리/미스터리
112324193,복수여신,임지은,10800,로맨스
112332353,아무에게도 말하지 마,할런 코벤,14220,공포/스릴러
112349733,잠 못 드는 밤의 궁궐 기담,현찬양,14400,추리/미스터리
112592342,데뷔 못 하면 죽는 병 걸림 1부 소프트 커버 세트,백덕수,22500,판타지
112592378,데뷔 못 하면 죽는 병 걸림 1부 초판 양장본 세트,백덕수,27000,판타지
112592425,데뷔 못 하면 죽는 병 걸림 1부 초판 한정 굿즈박스 세트,백덕수,85500,판타지
112619422,오버로드 15,마루야마 쿠가네,10800,판타지
112619442,해골기사님은 지금 이세계 모험 중 10,하카리 엔키,9000,판타지
112909209,빌리 서머스 세트,스티븐 킹,22950,공포/스릴러
112928206,외사랑,히가시노 게이고,16020,추리/미스터리
112938583,카미노 아일랜드,존 그리샴,15120,공포/스릴러
113417527,흑백합,다지마 도시유키,12600,추리/미스터리
113419200,전지적 독자 시점 아트북 에디션 세트,싱숑,160650,판타지
113420764,결혼 환상곡,요안나,9900,로맨스
113444281,사라진 여자들,메리 쿠비카,14220,추리/미스터리
113449677,광개토태왕 담덕 3,엄광용,14400,역사
113493632,네가 세계의 마지막 소년이라면,알렉산더 케이,14400,SF
113501450,우리에게는 비밀이 없다,우샤오러,14850,추리/미스터리
113503566,어쩌다가 전원일기,박하민,12600,로맨스
114250115,전지적 독자 시점 양장본 세트 1,싱숑,106650,판타지
114332220,인어 사냥,차인표,13500,판타지
114333493,탐진강,은산 이판식,14400,역사
114665379,해리포터와 불사조 기사단 (일러스트 에디션),J.K. 롤링,49500,판타지
114666604,내가 사랑했던 모든 너에게,오토노 요모지,12600,로맨스
114847470,두 번째 왕후 1,이리리,13050,로맨스
114882925,종이학 살인사건,치넨 미키토,14850,추리/미스터리
114906622,이상한 집,우케쓰,13500,추리/미스터리
114916356,재혼황후 8 북케이스 리미티드 에디션,알파타르트,76500,로맨스
114916369,재혼황후 8 + 미공개 외전 세트,알파타르트,17100,로맨스
114946621,우중괴담,미쓰다 신조,15120,추리/미스터리
114998524,타이탄의 세이렌,커트 보니것,14850,SF
