product_id,genre_second
101505224,공포/스릴러
101965629,판타지
102603626,추리/미스터리
103097409,추리/미스터리
104086734,역사
105055361,추리/미스터리
105646174,추리/미스터리
105852471,추리/미스터리
105910692,추리/미스터리
106335647,추리/미스터리
107993495,추리/미스터리
108552220,공포/스릴러
108690377,추리/미스터리
109086228,추리/미스터리
109337509,로맨스
109337511,로맨스
109558554,판타지
109648602,추리/미스터리
110712982,공포/스릴러
110882504,공포/스릴러
111704883,추리/미스터리
112017265,공포/스릴러
112075269,추리/미스터리
112229385,역사
113444281,공포/스릴러
114906622,공포/스릴러
13363088,공포/스릴러
23593370,추리/미스터리
32536827,로맨스
67094041,SF
70266,추리/미스터리
7218436,추리/미스터리
89553558,추리/미스터리
89913383,공포/스릴러
90248119,판타지
90248133,판타지
99423846,추리/미스터리
110556884,공포/스릴러
